Workbook

Sheet Лист1
A1: Максимальный показатель | B1: Сумма
A2: 1 | B2: =POWER(2, A2+1)-1 -> 3
A3: 2 | B3: =POWER(2, A3+1)-1 -> 7
A4: 3 | B4: =POWER(2, A4+1)-1 -> 15
A5: 4 | B5: =POWER(2, A5+1)-1 -> 31
A6: 5 | B6: =POWER(2, A6+1)-1 -> 63
A7: 6 | B7: =POWER(2, A7+1)-1 -> 127
A8: 7 | B8: =POWER(2, A8+1)-1 -> 255
A9: 8 | B9: =POWER(2, A9+1)-1 -> 511
A10: 9 | B10: =POWER(2, A10+1)-1 -> 1023
A11: 10 | B11: =POWER(2, A11+1)-1 -> 2047
A12: 11 | B12: =POWER(2, A12+1)-1 -> 4095
A13: 12 | B13: =POWER(2, A13+1)-1 -> 8191
... A24: 23 | B24: =POWER(2, A24+1)-1 -> 16777215

Sheet Лист2
A1: Максимальный показатель | B1: Сумма
A2: 1 | B2: =(POWER(3, A2+1)-1)/2 -> 4
A3: 2 | B3: =(POWER(3, A3+1)-1)/2 -> 13
A4: 3 | B4: =(POWER(3, A4+1)-1)/2 -> 40
A5: 4 | B5: =(POWER(3, A5+1)-1)/2 -> 121
A6: 5 | B6: =(POWER(3, A6+1)-1)/2 -> 364
A7: 6 | B7: =(POWER(3, A7+1)-1)/2 -> 1093
A8: 7 | B8: =(POWER(3, A8+1)-1)/2 -> 3280
A9: 8 | B9: =(POWER(3, A9+1)-1)/2 -> 9841
A10: 9 | B10: =(POWER(3, A10+1)-1)/2 -> 29524
A11: 10 | B11: =(POWER(3, A11+1)-1)/2 -> 88573
A12: 11 | B12: =(POWER(3, A12+1)-1)/2 -> 265720
A13: 12 | B13: =(POWER(3, A13+1)-1)/2 -> 797161
... A24: 23 | B24: =(POWER(3, A24+1)-1)/2 -> 141214768240

Sheet Лист3
A1: Максимальный показатель | B1: Сумма для 2 | C1: Сумма для 3
A2: 1 | B2: =VLOOKUP(A2, 'Лист1'!A:B, 2, 0) -> 3 | C2: =VLOOKUP(A2, 'Лист2'!A:B, 2, 0) -> 4
A3: 2 | B3: =VLOOKUP(A3, 'Лист1'!A:B, 2, 0) -> 7 | C3: =VLOOKUP(A3, 'Лист2'!A:B, 2, 0) -> 13
A4: 3 | B4: =VLOOKUP(A4, 'Лист1'!A:B, 2, 0) -> 15 | C4: =VLOOKUP(A4, 'Лист2'!A:B, 2, 0) -> 40
A5: 4 | B5: =VLOOKUP(A5, 'Лист1'!A:B, 2, 0) -> 31 | C5: =VLOOKUP(A5, 'Лист2'!A:B, 2, 0) -> 121
A6: 5 | B6: =VLOOKUP(A6, 'Лист1'!A:B, 2, 0) -> 63 | C6: =VLOOKUP(A6, 'Лист2'!A:B, 2, 0) -> 364
A7: 6 | B7: =VLOOKUP(A7, 'Лист1'!A:B, 2, 0) -> 127 | C7: =VLOOKUP(A7, 'Лист2'!A:B, 2, 0) -> 1093
A8: 7 | B8: =VLOOKUP(A8, 'Лист1'!A:B, 2, 0) -> 255 | C8: =VLOOKUP(A8, 'Лист2'!A:B, 2, 0) -> 3280
A9: 8 | B9: =VLOOKUP(A9, 'Лист1'!A:B, 2, 0) -> 511 | C9: =VLOOKUP(A9, 'Лист2'!A:B, 2, 0) -> 9841
A10: 9 | B10: =VLOOKUP(A10, 'Лист1'!A:B, 2, 0) -> 1023 | C10: =VLOOKUP(A10, 'Лист2'!A:B, 2, 0) -> 29524
A11: 10 | B11: =VLOOKUP(A11, 'Лист1'!A:B, 2, 0) -> 2047 | C11: =VLOOKUP(A11, 'Лист2'!A:B, 2, 0) -> 88573
A12: 11 | B12: =VLOOKUP(A12, 'Лист1'!A:B, 2, 0) -> 4095 | C12: =VLOOKUP(A12, 'Лист2'!A:B, 2, 0) -> 265720
A13: 12 | B13: =VLOOKUP(A13, 'Лист1'!A:B, 2, 0) -> 8191 | C13: =VLOOKUP(A13, 'Лист2'!A:B, 2, 0) -> 797161
... A24: 23 | B24: =VLOOKUP(A24, 'Лист1'!A:B, 2, 0) -> 16777215 | C24: =VLOOKUP(A24, 'Лист2'!A:B, 2, 0) -> 141214768240

Sheet Лист4
A1: Статистическая функция | B1: Для A (Лист 3) | C1: Для B (Лист 3) | D1: Для C (Лист 3)
A2: Среднее значение | B2: =AVERAGE('Лист3'!A2:A25) -> 12 | C2: =AVERAGE('Лист3'!B2:B25) -> 1458887.2 | D2: =AVERAGE('Лист3'!C2:C25) -> 9.2096588e+09
A3: Максимальное значение | B3: =MAX('Лист3'!A2:A25) -> 23 | C3: =MAX('Лист3'!B2:B25) -> 16777215 | D3: =MAX('Лист3'!C2:C25) -> 141214768240
A4: Минимальное значение | B4: =MIN('Лист3'!A2:A25) -> 1 | C4: =MIN('Лист3'!B2:B25) -> 3 | D4: =MIN('Лист3'!C2:C25) -> 4
A5: Медиана | B5: =MEDIAN('Лист3'!A2:A25) -> 12 | C5: =MEDIAN('Лист3'!B2:B25) -> 8191 | D5: =MEDIAN('Лист3'!C2:C25) -> 797161
A6: Мода | B6: =_XLFN.MODE.SNGL('Лист3'!A2:A25) -> #N/A | C6: =_XLFN.MODE.SNGL('Лист3'!B2:B25) -> #N/A | D6: =_XLFN.MODE.SNGL('Лист3'!C2:C25) -> #N/A
A7: Дисперсия | B7: =_XLFN.VAR.S('Лист3'!A2:A25) -> 46 | C7: =_XLFN.VAR.S('Лист3'!B2:B25) -> 1.4833991e+13 | D7: =_XLFN.VAR.S('Лист3'!C2:C25) -> 9.3106829e+20

Sheet Лист5
B1: 2021 | C1: 2022 | D1: 2023 | E1: 2024 | F1: 2025 | G1: 2026 | H1: 2027
A2: Кооледж 1 | B2: 1510000 | C2: 2236476 | D2: 1934765 | E2: 4543534 | F2: 2348887 | G2: 1170004 | H2: 2344598
A3: Кооледж 2 | B3: 237800 | C3: 732647 | D3: 567672 | E3: 234234 | F3: 323217 | G3: 634423 | H3: 235455
A4: Кооледж 3 | B4: 3211400 | C4: 4873837 | D4: 3654654 | E4: 3453453 | F4: 5435323 | G4: 4586959 | H4: 8576885
A5: Кооледж 4 | B5: 4961201 | C5: 7844962 | D5: 6159094 | E5: 8233225 | F5: 8109432 | G5: 6393392 | H5: 11158945
